review,sentiment
The training session was very helpful and the instructor explained concepts clearly.,positive
"I did not enjoy the pace of the training, it felt rushed.",negative
"Excellent course structure and practical examples, I learned a lot.",positive
The content was outdated and not very engaging.,negative
"I am satisfied with the training, it improved my understanding of the topic.",positive
The assignments were too difficult without enough guidance.,negative
"Great teaching style, interactive and informative sessions.",positive
The course could have included more real-world case studies.,negative
"I liked the overall experience, but some modules were too long.",neutral
The trainer was knowledgeable and addressed queries patiently.,positive
